<?xml version="1.0" encoding="UTF-8"?>
<root>
  <item name="com.dl7.player.danmaku.BaseDanmakuData type">
    <annotation name="android.support.annotation.IntDef">
      <val name="value" val="{master.flame.danmaku.danmaku.model.BaseDanmaku.TYPE_SCROLL_RL, master.flame.danmaku.danmaku.model.BaseDanmaku.TYPE_FIX_TOP, master.flame.danmaku.danmaku.model.BaseDanmaku.TYPE_FIX_BOTTOM}" />
    </annotation>
  </item>
  <item name="com.dl7.player.danmaku.DanmakuType">
    <annotation name="android.support.annotation.IntDef">
      <val name="value" val="{master.flame.danmaku.danmaku.model.BaseDanmaku.TYPE_SCROLL_RL, master.flame.danmaku.danmaku.model.BaseDanmaku.TYPE_FIX_TOP, master.flame.danmaku.danmaku.model.BaseDanmaku.TYPE_FIX_BOTTOM}" />
    </annotation>
  </item>
</root>

