<?xml version="1.0" encoding="UTF-8"?>
<root>
  <item name="com.dl7.player.media.IjkPlayerView com.dl7.player.media.IjkPlayerView setMediaQuality(int) 0">
    <annotation name="android.support.annotation.IntDef">
      <val name="value" val="{com.dl7.player.media.IjkPlayerView.MEDIA_QUALITY_SMOOTH, com.dl7.player.media.IjkPlayerView.MEDIA_QUALITY_MEDIUM, com.dl7.player.media.IjkPlayerView.MEDIA_QUALITY_HIGH, com.dl7.player.media.IjkPlayerView.MEDIA_QUALITY_SUPER, com.dl7.player.media.IjkPlayerView.MEDIA_QUALITY_BD}" />
    </annotation>
  </item>
  <item name="com.dl7.player.media.IjkPlayerView mCurSelectQuality">
    <annotation name="android.support.annotation.IntDef">
      <val name="value" val="{com.dl7.player.media.IjkPlayerView.MEDIA_QUALITY_SMOOTH, com.dl7.player.media.IjkPlayerView.MEDIA_QUALITY_MEDIUM, com.dl7.player.media.IjkPlayerView.MEDIA_QUALITY_HIGH, com.dl7.player.media.IjkPlayerView.MEDIA_QUALITY_SUPER, com.dl7.player.media.IjkPlayerView.MEDIA_QUALITY_BD}" />
    </annotation>
  </item>
  <item name="com.dl7.player.media.IjkPlayerView mDanmakuTag">
    <annotation name="android.support.annotation.IntDef">
      <val name="value" val="{com.dl7.player.media.IjkPlayerView.DANMAKU_TAG_BILI, com.dl7.player.media.IjkPlayerView.DANMAKU_TAG_ACFUN, com.dl7.player.media.IjkPlayerView.DANMAKU_TAG_CUSTOM}" />
    </annotation>
  </item>
  <item name="com.dl7.player.media.IjkPlayerView.DanmakuTag">
    <annotation name="android.support.annotation.IntDef">
      <val name="value" val="{com.dl7.player.media.IjkPlayerView.DANMAKU_TAG_BILI, com.dl7.player.media.IjkPlayerView.DANMAKU_TAG_ACFUN, com.dl7.player.media.IjkPlayerView.DANMAKU_TAG_CUSTOM}" />
    </annotation>
  </item>
  <item name="com.dl7.player.media.IjkPlayerView.MediaQuality">
    <annotation name="android.support.annotation.IntDef">
      <val name="value" val="{com.dl7.player.media.IjkPlayerView.MEDIA_QUALITY_SMOOTH, com.dl7.player.media.IjkPlayerView.MEDIA_QUALITY_MEDIUM, com.dl7.player.media.IjkPlayerView.MEDIA_QUALITY_HIGH, com.dl7.player.media.IjkPlayerView.MEDIA_QUALITY_SUPER, com.dl7.player.media.IjkPlayerView.MEDIA_QUALITY_BD}" />
    </annotation>
  </item>
  <item name="com.dl7.player.media.MediaQualityInfo MediaQualityInfo(int, java.lang.String, boolean) 0">
    <annotation name="android.support.annotation.IntDef">
      <val name="value" val="{com.dl7.player.media.IjkPlayerView.MEDIA_QUALITY_SMOOTH, com.dl7.player.media.IjkPlayerView.MEDIA_QUALITY_MEDIUM, com.dl7.player.media.IjkPlayerView.MEDIA_QUALITY_HIGH, com.dl7.player.media.IjkPlayerView.MEDIA_QUALITY_SUPER, com.dl7.player.media.IjkPlayerView.MEDIA_QUALITY_BD}" />
    </annotation>
  </item>
  <item name="com.dl7.player.media.MediaQualityInfo int getIndex()">
    <annotation name="android.support.annotation.IntDef">
      <val name="value" val="{com.dl7.player.media.IjkPlayerView.MEDIA_QUALITY_SMOOTH, com.dl7.player.media.IjkPlayerView.MEDIA_QUALITY_MEDIUM, com.dl7.player.media.IjkPlayerView.MEDIA_QUALITY_HIGH, com.dl7.player.media.IjkPlayerView.MEDIA_QUALITY_SUPER, com.dl7.player.media.IjkPlayerView.MEDIA_QUALITY_BD}" />
    </annotation>
  </item>
</root>

